<?xml version="1.0" encoding="utf-8"?>
<extension type="library" method="upgrade" version="2.5">
    <name>Hepta Form Fields</name>
    <libraryname>hepta/formfields</libraryname>
    <author>Carlos Cámara</author>
    <authorEmail>carlos@hepta.es</authorEmail>
    <authorUrl>www.hepta.es</authorUrl>
    <copyright>Copyright (C) 2016 Hepta Technologies SL. All rights reserved.</copyright>
    <creationDate>May 2016</creationDate>
    <license>http://www.gnu.org/licenses/gpl-2.0.html GNU/GPL</license>
    <version>1.0.0</version>
    <description>Fields library for Joomla!</description>
    <files>
	<folder>actions</folder>
        <folder>form</folder>
        <folder>helper</folder>
        <folder>html</folder>
        <filename>formfields.php</filename>
    </files>

    <!-- Medias -->
    <media destination="hepta/formfields" folder="media">
        <folder>css</folder>
        <folder>js</folder>
    </media>

    <languages folder="language">
        <language tag="en-GB">en-GB/en-GB.lib_hepta_formfields.ini</language>
        <language tag="es-ES">es-ES/es-ES.lib_hepta_formfields.ini</language>
    </languages>
</extension>
